{"initial_reset_timestamp": 1617521374.948631, "timestamps": [1617521378.5622778], "episode_lengths": [760], "episode_rewards": [-21.0], "episode_types": ["t"]}